episode,ep_rew_mean
4,-28400.0
8,-36000.0
12,-37600.0
16,-36100.0
20,-33900.0
24,-32500.0
28,-31500.0
32,-33300.0
36,-32900.0
40,-31800.0
44,-31300.0
48,-29800.0
52,-28600.0
56,-27400.0
60,-26700.0
64,-25800.0
68,-24900.0
72,-23900.0
76,-24600.0
80,-23900.0
84,-23100.0
88,-22500.0
92,-22000.0
96,-21500.0
100,-20600.0
104,-20700.0
108,-19000.0
112,-17400.0
116,-16500.0
120,-15900.0
124,-15200.0
128,-14800.0
132,-14500.0
136,-13700.0
140,-13200.0
144,-12500.0
148,-12500.0
152,-12400.0
156,-12400.0
160,-12200.0
164,-12000.0
168,-12100.0
172,-12000.0
176,-11000.0
180,-10800.0
184,-10700.0
188,-10700.0
192,-10600.0
196,-10400.0
200,-10300.0
204,-9590.0
208,-9620.0
212,-10000.0
216,-10100.0
220,-10200.0
224,-10100.0
228,-9690.0
232,-8340.0
236,-8310.0
240,-8750.0
244,-9040.0
248,-8980.0
252,-9530.0
256,-9570.0
260,-9320.0
264,-9300.0
268,-9360.0
272,-9470.0
276,-9390.0
280,-10300.0
284,-10800.0
288,-10900.0
292,-10800.0
296,-11300.0
300,-11200.0
304,-11500.0
308,-11400.0
312,-11100.0
316,-11500.0
320,-11600.0
324,-12000.0
328,-12200.0
332,-12300.0
336,-12400.0
340,-11900.0
344,-11500.0
348,-11300.0
352,-10400.0
356,-11400.0
360,-11600.0
364,-12200.0
368,-11900.0
372,-12100.0
376,-12500.0
380,-11700.0
384,-11500.0
388,-11400.0
392,-11500.0
396,-11300.0
400,-11300.0
404,-10800.0
408,-10900.0
412,-10700.0
416,-10100.0
420,-9890.0
424,-9570.0
428,-9610.0
432,-9250.0
436,-9160.0
440,-9150.0
444,-9170.0
448,-9150.0
452,-9360.0
456,-8570.0
460,-8690.0
464,-8290.0
468,-8220.0
472,-7990.0
476,-7760.0
480,-7650.0
484,-7700.0
488,-8010.0
492,-8250.0
496,-8190.0
500,-8370.0
504,-8420.0
508,-8550.0
512,-8650.0
516,-8660.0
520,-8770.0
524,-8720.0
528,-8760.0
532,-8860.0
536,-9090.0
540,-9070.0
544,-9500.0
548,-9550.0
552,-9690.0
556,-9280.0
560,-8880.0
564,-8590.0
568,-8590.0
572,-8880.0
576,-9050.0
580,-8850.0
584,-8730.0
588,-8320.0
592,-8180.0
596,-8200.0
600,-8000.0
604,-8490.0
608,-8200.0
612,-8280.0
616,-8410.0
620,-8190.0
624,-8200.0
628,-8200.0
632,-8500.0
636,-8150.0
640,-8150.0
644,-7940.0
648,-8660.0
652,-8630.0
656,-8960.0
660,-10300.0
664,-10600.0
668,-10800.0
672,-10900.0
676,-10600.0
680,-10800.0
684,-11300.0
688,-11500.0
692,-11200.0
696,-11000.0
700,-11000.0
704,-10400.0
708,-10300.0
712,-10100.0
716,-10200.0
720,-10200.0
724,-10100.0
728,-10400.0
732,-10700.0
736,-10800.0
740,-10700.0
744,-10500.0
748,-9920.0
752,-9570.0
756,-9210.0
760,-7860.0
764,-7830.0
768,-7590.0
772,-7220.0
776,-7140.0
780,-7510.0
784,-7070.0
788,-6920.0
792,-8000.0
796,-8040.0
800,-8210.0
804,-8380.0
808,-8440.0
812,-8790.0
816,-8750.0
820,-8830.0
824,-8800.0
828,-8400.0
832,-7840.0
836,-7760.0
840,-8270.0
844,-8340.0
848,-8200.0
852,-8680.0
856,-8680.0
860,-8830.0
864,-8640.0
868,-9190.0
872,-9250.0
876,-9400.0
880,-9670.0
884,-9700.0
888,-9990.0
892,-9290.0
896,-9170.0
900,-9120.0
904,-9230.0
908,-9410.0
912,-9470.0
916,-9400.0
920,-9440.0
924,-9710.0
928,-9710.0
932,-10000.0
936,-10500.0
940,-10200.0
944,-10100.0
948,-10100.0
952,-9720.0
956,-9670.0
960,-9550.0
964,-9630.0
968,-9080.0
972,-9140.0
976,-9310.0
980,-8520.0
984,-8230.0
988,-7940.0
992,-7770.0
996,-7890.0
1000,-7940.0
1004,-7900.0
1008,-8040.0
1012,-7860.0
1016,-7740.0
1020,-7770.0
1024,-7480.0
1028,-7750.0
1032,-7590.0
1036,-7040.0
1040,-7020.0
1044,-7260.0
1048,-8030.0
1052,-8200.0
1056,-8300.0
1060,-8580.0
1064,-8520.0
1068,-8700.0
1072,-8870.0
1076,-8790.0
1080,-8900.0
1084,-9180.0
1088,-9160.0
1092,-9350.0
1096,-9550.0
1100,-9530.0
1104,-9450.0
1108,-9120.0
1112,-9100.0
1116,-9130.0
1120,-9030.0
1124,-8960.0
1128,-8590.0
1132,-8450.0
1136,-8800.0
1140,-8680.0
1144,-8290.0
1148,-7490.0
1152,-7420.0
1156,-7520.0
1160,-7480.0
1164,-7390.0
1168,-7330.0
1172,-7150.0
1176,-7020.0
1180,-7180.0
1184,-7010.0
1188,-7080.0
1192,-6840.0
1196,-6940.0
1200,-7050.0
1204,-7000.0
1208,-7340.0
1212,-7210.0
1216,-7400.0
1220,-7470.0
1224,-7790.0
1228,-7910.0
1232,-8120.0
1236,-8040.0
1240,-8030.0
1244,-8210.0
1248,-8500.0
1252,-8480.0
1256,-8330.0
1260,-8180.0
1264,-8550.0
1268,-8430.0
1272,-8530.0
1276,-8530.0
1280,-8290.0
1284,-8340.0
1288,-8100.0
1292,-7970.0
1296,-7500.0
1300,-7510.0
1304,-7670.0
1308,-7500.0
1312,-7610.0
1316,-7450.0
1320,-7490.0
1324,-7570.0
1328,-7510.0
1332,-8150.0
1336,-8320.0
1340,-8560.0
1344,-8440.0
1348,-8240.0
1352,-8130.0
1356,-8310.0
1360,-8470.0
1364,-8070.0
1368,-8090.0
1372,-7940.0
1376,-8000.0
1380,-8250.0
1384,-8560.0
1388,-8570.0
1392,-8900.0
1396,-9230.0
1400,-8930.0
1404,-8790.0
1408,-8720.0
1412,-8830.0
1416,-8750.0
1420,-8750.0
1424,-8480.0
1428,-8770.0
1432,-8280.0
1436,-7930.0
1440,-7740.0
1444,-8270.0
1448,-8530.0
1452,-8460.0
1456,-8430.0
1460,-8360.0
1464,-8930.0
1468,-8930.0
1472,-9070.0
1476,-9160.0
1480,-8970.0
1484,-8690.0
1488,-9070.0
1492,-9040.0
1496,-8810.0
1500,-9130.0
1504,-10100.0
1508,-10100.0
1512,-10000.0
1516,-10700.0
1520,-10700.0
1524,-10600.0
1528,-10800.0
1532,-10400.0
